{"accuracy": 0.9950248756218906, "auc": 0.9997923361094717}